Essam El-Hadary,Egypt,158,1,GK,15-01-1973,ELHADARY,Al Taawoun FC,190,90,KSA,45
Sergio Ramos,Spain,152,15,DF,30-03-1986,RAMOS,Real Madrid CF,183,75,ESP,32
Cristiano Ronaldo,Portugal,150,7,FW,05-02-1985,RONALDO,Real Madrid CF,185,80,ESP,33
Andrés Guardado,Mexico,145,18,MF,28-09-1986,A. GUARDADO,Real Betis,167,63,ESP,32
Rafael Márquez,Mexico,145,4,DF,13-02-1979,R. MÁRQUEZ,CF Atlas,184,77,MEX,39
Gabriel Gómez,Panama,144,6,MF,29-05-1984,GOMEZ,Atlético Bucaramanga,183,82,COL,34
Javier Mascherano,Argentina,143,14,DF,08-06-1984,MASCHERANO,Hebei China Fortune FC,174,73,CHN,34
Osama Hawsawi,Saudi Arabia,135,3,DF,31-03-1984,OSAMA,Al Hilal SFC,188,83,KSA,34
Taisir Al-Jassim,Saudi Arabia,132,17,MF,25-07-1984,TAISEER,Al Ahli SC,169,69,KSA,34
Jaime Penedo,Panama,131,1,GK,26-09-1981,PENEDO,Dinamo Bucharest,183,70,ROU,37
Andrés Iniesta,Spain,127,6,MF,11-05-1984,A. INIESTA,FC Barcelona,171,68,ESP,34
Ahmed Fathy,Egypt,126,7,DF,10-11-1984,A. FATHI,Al Ahly SC,176,76,EGY,34
Maxi Pereira,Uruguay,125,16,DF,08-06-1984,M. PEREIRA,FC Porto,173,73,POR,34
Lionel Messi,Argentina,124,10,FW,24-06-1987,MESSI,FC Barcelona,170,72,ESP,31
Sergei Ignashevich,Russia,122,4,DF,14-07-1979,IGNASHEVICH,CSKA Moscow,186,84,RUS,39
David Silva,Spain,121,21,FW,08-01-1986,SILVA,Manchester City FC,170,67,ENG,32
Blas Pérez,Panama,118,7,FW,13-03-1981,PEREZ,CSD Municipal,187,83,GUA,37
Diego Godín,Uruguay,116,3,DF,16-02-1986,D. GODIN,Atletico Madrid,185,73,ESP,32
Celso Borges,Costa Rica,113,5,MF,27-05-1988,C. BORGES,Deportivo La Coruña,187,79,ESP,30
Shinji Okazaki,Japan,113,9,FW,16-04-1986,OKAZAKI,Leicester City FC,174,70,ENG,32
Román Torres,Panama,111,5,DF,20-03-1986,R. TORRES,Seattle Sounders FC,188,99,USA,32
Bryan Ruiz,Costa Rica,110,10,MF,18-08-1985,BRYAN,Sporting CP,187,73,POR,33
João Moutinho,Portugal,110,8,MF,08-09-1986,J. MOUTINHO,AS Monaco,170,61,FRA,32
Makoto Hasebe,Japan,110,17,MF,18-01-1984,HASEBE,Eintracht Frankfurt,180,72,GER,34
Igor Akinfeev,Russia,106,1,GK,08-04-1986,AKINFEEV,CSKA Moscow,185,83,RUS,32
Luka Modrić,Croatia,106,10,MF,09-09-1985,MODRIĆ,Real Madrid CF,172,66,ESP,33
Tim Cahill,Australia,106,4,FW,06-12-1979,CAHILL,Millwall FC,180,76,ENG,39
Cristian Rodríguez,Uruguay,105,7,MF,30-09-1985,C. RODRIGUEZ,CA Penarol,178,79,URU,33
Giovani dos Santos,Mexico,105,10,MF,11-05-1989,G. DOS SANTOS,LA Galaxy,178,70,USA,29
Luis Tejada,Panama,105,18,FW,28-03-1982,TEJADA,Sport Boys,183,87,PER,36
Yuto Nagatomo,Japan,105,5,DF,12-09-1986,NAGATOMO,Galatasaray SK,170,68,TUR,32
Branislav Ivanović,Serbia,103,6,DF,22-02-1984,IVANOVIĆ,FC Zenit St. Petersburg,185,89,RUS,34
Sergio Busquets,Spain,103,5,MF,16-07-1988,SERGIO,FC Barcelona,189,78,ESP,30
Felipe Baloy,Panama,102,23,DF,24-02-1981,BALOY,CSD Municipal,185,87,GUA,37
Jan Vertonghen,Belgium,102,5,DF,24-04-1987,VERTONGHEN,Tottenham Hotspur FC,189,86,ENG,31
Javier Hernández,Mexico,102,14,FW,01-06-1988,J. HERNÁNDEZ,West Ham United FC,175,71,ENG,30
Ki Sung-yueng,South Korea,102,16,MF,24-01-1989,S Y KI,Swansea City AFC,186,75,WAL,29
Edinson Cavani,Uruguay,101,21,FW,14-02-1987,E. CAVANI,Paris Saint-Germain FC,188,78,FRA,31
Sebastian Larsson,Sweden,100,7,MF,06-06-1985,LARSSON,Hull City FC,178,70,ENG,33
Stephan Lichtsteiner,Switzerland,100,2,DF,16-01-1984,LICHTSTEINER,Juventus FC,181,77,ITA,34
Jakub Błaszczykowski,Poland,99,16,MF,14-12-1985,BLASZCZYKOWSKI,VfL Wolfsburg,175,71,GER,32
Vedran Ćorluka,Croatia,99,5,DF,05-02-1986,ĆORLUKA,FC Lokomotiv Moscow,192,84,RUS,32
Armando Cooper,Panama,98,11,MF,26-11-1987,COOPER,Club Universidad de Chile,173,72,CHI,31
Gerard Piqué,Spain,98,3,DF,02-02-1987,PIQUÉ,FC Barcelona,194,85,ESP,31
Hugo Lloris,France,98,1,GK,26-12-1986,LLORIS,Tottenham Hotspur FC,188,82,ENG,31
Luis Suárez,Uruguay,98,9,FW,24-01-1987,L. SUAREZ,FC Barcelona,182,85,ESP,31
Fernando Muslera,Uruguay,97,1,GK,16-06-1986,F. MUSLERA,Galatasaray SK,190,74,TUR,32
Bruno Alves,Portugal,96,2,DF,27-11-1981,B. ALVES,Rangers FC,187,83,SCO,37
Keisuke Honda,Japan,95,4,MF,13-06-1986,HONDA,CF Pachuca,182,74,MEX,32
Pepe,Portugal,95,3,DF,26-02-1983,PEPE,Besiktas JK,188,81,TUR,35
Robert Lewandowski,Poland,95,9,FW,21-08-1988,LEWANDOWSKI,FC Bayern München,185,79,GER,30
Ángel Di María,Argentina,94,11,MF,14-02-1988,DI MARÍA,Paris Saint-Germain FC,178,75,FRA,30
Ehsan Hajsafi,Iran,94,3,DF,25-02-1990,HAJI SAFI,Olympiacos Piraeus FC,178,75,GRE,28
Guillermo Ochoa,Mexico,94,13,GK,13-07-1985,G. OCHOA,Standard Liège,185,76,BEL,33
Héctor Moreno,Mexico,92,15,DF,17-01-1988,H. MORENO,Real Sociedad,182,82,ESP,30
Ivan Rakitić,Croatia,92,7,MF,10-03-1988,RAKITIĆ,FC Barcelona,184,78,ESP,30
Shinji Kagawa,Japan,92,10,MF,17-03-1989,KAGAWA,Borussia Dortmund,175,68,GER,29
Thomas Müller,Germany,91,13,MF,13-09-1989,MÜLLER,FC Bayern München,186,75,GER,29
Axel Witsel,Belgium,90,6,MF,12-01-1989,WITSEL,Tianjin Quanjian FC,186,73,CHN,29
Mesut Özil,Germany,90,10,MF,15-10-1988,ÖZIL,Arsenal FC,180,70,ENG,30
Aníbal Godoy,Panama,88,20,MF,10-02-1990,GODOY,San Jose Earthquakes,183,82,USA,28
Paolo Guerrero,Peru,88,9,FW,01-01-1984,GUERRERO,CR Flamengo,185,88,BRA,34
David Ospina,Colombia,86,1,GK,31-08-1988,OSPINA,Arsenal FC,183,80,ENG,30
Eden Hazard,Belgium,86,10,FW,07-01-1991,E. HAZARD,Chelsea FC,173,74,ENG,27
Carlos Sánchez,Colombia,85,6,MF,06-02-1986,C. SANCHEZ,RCD Espanyol,182,82,ESP,32
John Obi Mikel,Nigeria,85,10,MF,22-04-1987,MIKEL,Tianjin Teda,188,82,CHN,31
Neymar,Brazil,85,10,FW,05-02-1992,NEYMAR JR,Paris Saint-Germain FC,175,68,FRA,26
Sergio Agüero,Argentina,85,19,FW,02-06-1988,AGÜERO,Manchester City FC,172,74,ENG,30
Eiji Kawashima,Japan,84,1,GK,20-03-1983,KAWASHIMA,FC Metz,185,74,FRA,35
Jefferson Farfán,Peru,84,10,FW,26-10-1984,FARFAN,FC Lokomotiv Moscow,177,85,RUS,34
Yuri Zhirkov,Russia,84,18,MF,20-08-1983,ZHIRKOV,FC Zenit St. Petersburg,180,76,RUS,35
Mario Mandžukić,Croatia,83,17,FW,21-05-1986,MANDŽUKIĆ,Juventus FC,190,85,ITA,32
Toni Kroos,Germany,83,8,MF,04-01-1990,KROOS,Real Madrid CF,182,78,ESP,28
Marouane Fellaini,Belgium,82,8,MF,22-11-1987,FELLAINI,Manchester United FC,194,85,ENG,31
Maya Yoshida,Japan,82,22,DF,24-08-1988,YOSHIDA,Southampton FC,189,78,ENG,30
Christian Bolaños,Costa Rica,81,7,MF,17-05-1984,C. BOLAÑOS,Deportivo Saprissa,178,67,CRC,34
Keylor Navas,Costa Rica,81,1,GK,15-12-1986,K. NAVAS,Real Madrid CF,185,80,ESP,31
Vladimir Stojković,Serbia,81,1,GK,28-07-1983,STOJKOVIĆ,FK Partizan,195,92,SRB,35
William Kvist,Denmark,80,7,MF,24-02-1985,KVIST,FC Kobenhavn,185,80,DEN,33
Birkir Már Sævarsson,Iceland,79,2,DF,11-11-1984,SÆVARSSON,Valur Reykjavik,186,75,ISL,34
Valon Behrami,Switzerland,79,11,MF,19-04-1985,BEHRAMI,Udinese Calcio,184,78,ITA,33
Ahmed Elmohamady,Egypt,78,3,DF,09-09-1987,ELMOHAMADY,Aston Villa FC,183,76,ENG,31
Christian Eriksen,Denmark,78,10,MF,14-02-1992,ERIKSEN,Tottenham Hotspur FC,181,76,ENG,26
Simon Kjær,Denmark,78,4,DF,26-03-1989,KJÆR,Sevilla FC,191,84,ESP,29
Aron Gunnarsson,Iceland,77,17,MF,22-04-1989,GUNNARSSON,Cardiff City FC,181,86,WAL,29
Joel Campbell,Costa Rica,77,12,FW,26-06-1992,J. CAMPBELL,Real Betis,178,71,ESP,26
Ragnar Sigurðsson,Iceland,77,6,DF,19-06-1986,R. SIGURDSSON,FC Rostov,187,86,RUS,32
Ricardo Quaresma,Portugal,77,20,FW,26-09-1983,QUARESMA,Besiktas JK,175,73,TUR,35
Toby Alderweireld,Belgium,77,2,DF,02-03-1989,ALDERWEIRELD,Tottenham Hotspur FC,186,81,ENG,29
Vincent Kompany,Belgium,77,4,DF,10-04-1986,KOMPANY,Manchester City FC,190,85,ENG,32
Adolfo Machado,Panama,76,13,DF,14-02-1985,MACHADO,Houston Dynamo,182,78,USA,33
Aleksandar Kolarov,Serbia,76,11,DF,10-11-1985,KOLAROV,AS Roma,187,83,ITA,33
Manuel Neuer,Germany,76,1,GK,27-03-1986,NEUER,FC Bayern München,193,93,GER,32
Martín Cáceres,Uruguay,76,22,DF,07-04-1987,M. CACERES,SS Lazio,178,75,ITA,31
Mile Jedinak,Australia,76,15,MF,03-08-1984,JEDINAK,Aston Villa FC,188,78,ENG,34
Mousa Dembélé,Belgium,76,19,MF,16-07-1987,DEMBELE,Tottenham Hotspur FC,185,82,ENG,31
Mario Gómez,Germany,75,23,FW,10-07-1985,GOMEZ,VfB Stuttgart,189,82,GER,33
Sami Khedira,Germany,75,6,MF,04-04-1987,KHEDIRA,Juventus FC,189,81,ITA,31
Johan Djourou,Switzerland,74,20,DF,18-01-1987,DJOUROU,Antalyaspor AS,192,90,TUR,31
Masoud Shojaei,Iran,74,7,MF,09-06-1984,SHOJAEI M.,AEK Athens,187,79,GRE,34
Olivier Giroud,France,74,9,FW,30-09-1986,GIROUD,Chelsea FC,193,91,ENG,32
Radamel Falcao,Colombia,73,9,FW,10-02-1986,FALCAO,AS Monaco,177,72,FRA,32
Yoshimar Yotún,Peru,73,19,MF,07-04-1990,YOTUN,Orlando City SC,172,69,USA,28
Ahmed Musa,Nigeria,72,7,FW,14-10-1992,MUSA,CSKA Moscow,173,65,RUS,26
Andreas Granqvist,Sweden,72,4,DF,16-04-1985,GRANQVIST,FC Krasnodar,192,84,RUS,33
Gabriel Torres,Panama,72,9,FW,31-10-1988,G. TORRES,CD Huachipato,180,77,CHI,30
Gonzalo Higuaín,Argentina,71,9,FW,10-12-1987,HIGUAÍN,Juventus FC,184,75,ITA,31
Jérôme Boateng,Germany,71,17,DF,03-09-1988,BOATENG,FC Bayern München,192,90,GER,30
Mark Milligan,Australia,71,5,DF,04-08-1985,MILLIGAN,Al Ahli SC,178,78,KSA,33
Thiago Silva,Brazil,71,2,DF,22-09-1984,T. SILVA,Paris Saint-Germain FC,183,79,FRA,34
Abel Aguilar,Colombia,70,8,MF,06-01-1985,AGUILAR T.,AC Deportivo Cali,185,82,COL,33
Aymen Mathlouthi,Tunisia,70,16,GK,14-09-1984,MATHLOUTHI .A,Al Batin FC,182,84,KSA,34
Giancarlo González,Costa Rica,70,3,DF,08-02-1988,G. GONZALEZ,Bologna FC,186,78,ITA,30
Juan Cuadrado,Colombia,70,11,MF,26-05-1988,CUADRADO,Juventus FC,179,72,ITA,30
Xherdan Shaqiri,Switzerland,70,23,MF,10-10-1991,SHAQIRI,Stoke City FC,165,78,ENG,27
Dries Mertens,Belgium,69,14,FW,06-05-1987,MERTENS,SSC Napoli,169,61,ITA,31
Johnny Acosta,Costa Rica,69,2,DF,21-07-1983,J. ACOSTA,Rionegro Águilas,176,75,COL,35
Romelu Lukaku,Belgium,69,9,FW,13-05-1993,R. LUKAKU,Manchester United FC,190,94,ENG,25
Rui Patrício,Portugal,69,1,GK,15-02-1988,RUI PATRICIO,Sporting CP,189,84,POR,30
Carlos Vela,Mexico,68,11,FW,01-03-1989,CARLOS V,Los Angeles FC,178,78,USA,29
Cristian Gamboa,Costa Rica,68,16,DF,24-10-1989,C. GAMBOA,Celtic FC,175,67,SCO,29
Koo Ja-cheol,South Korea,68,13,MF,27-02-1989,J C KOO,FC Augsburg,182,73,GER,29
Birkir Bjarnason,Iceland,67,8,MF,27-05-1988,B. BJARNASON,Aston Villa FC,183,77,ENG,30
Blaise Matuidi,France,67,14,MF,09-04-1987,MATUIDI,Juventus FC,180,74,ITA,31
Gelson Fernandes,Switzerland,67,16,MF,02-09-1986,G. FERNANDES,Eintracht Frankfurt,180,72,GER,32
Jóhann Berg Guðmundsson,Iceland,67,7,MF,27-10-1990,J. GUDMUNDSSON,Burnley FC,179,77,ENG,28
Kári Árnason,Iceland,67,14,DF,13-10-1982,ARNASON,Aberdeen FC,191,82,SCO,36
Oribe Peralta,Mexico,67,19,FW,12-01-1984,O. PERALTA,Club América,178,72,MEX,34
Son Heung-min,South Korea,67,7,FW,08-07-1992,H M SON,Tottenham Hotspur FC,183,76,ENG,26
Christian Ramos,Peru,66,15,DF,04-11-1988,RAMOS,CD Tiburones Rojos de Veracruz,182,72,MEX,30
Héctor Herrera,Mexico,66,16,DF,19-04-1990,H. HERRERA,FC Porto,180,79,POR,28
Ivan Perišić,Croatia,66,4,FW,02-02-1989,PERIŠIĆ,FC Internazionale,186,81,ITA,29
Mikael Lustig,Sweden,66,2,DF,13-12-1986,LUSTIG,Celtic FC,189,77,SCO,32
Thomas Vermaelen,Belgium,66,3,DF,14-11-1985,VERMAELEN,FC Barcelona,183,80,ESP,33
Blerim Džemaili,Switzerland,65,15,MF,12-04-1986,DZEMAILI,Bologna FC,180,77,ITA,32
Luis Advíncula,Peru,65,17,DF,02-03-1990,ADVINCULA,Lobos BUAP,178,80,MEX,28
Emil Hallfreðsson,Iceland,64,20,MF,29-06-1984,HALLFREDSSON,Udinese Calcio,186,86,ITA,34
Karim Ansarifard,Iran,64,10,FW,03-04-1990,KARIM,Olympiacos Piraeus FC,187,80,GRE,28
Marco Ureña,Costa Rica,64,21,FW,05-03-1990,M. UREÑA,Los Angeles FC,181,70,USA,28
Mats Hummels,Germany,64,5,DF,16-12-1988,HUMMELS,FC Bayern München,192,90,GER,29
Miguel Layún,Mexico,64,7,MF,25-06-1988,M. LAYÚN,Sevilla FC,180,72,ESP,30
Robbie Kruse,Australia,64,10,FW,05-10-1988,KRUSE,VfL Bochum,180,66,GER,30
Łukasz Piszczek,Poland,63,20,DF,03-06-1985,PISZCZEK,Borussia Dortmund,184,79,GER,33
James Rodríguez,Colombia,63,10,MF,12-07-1991,JAMES,FC Bayern München,180,75,GER,27
Raúl Jiménez,Mexico,63,9,FW,05-05-1991,RAÚL,SL Benfica,188,79,POR,27
Éver Banega,Argentina,62,7,MF,29-06-1988,BANEGA,Sevilla FC,175,73,ESP,30
Elderson Echiéjilé,Nigeria,62,3,DF,20-01-1988,ECHIEJILE,Cercle Brugge,185,82,BEL,30
Granit Xhaka,Switzerland,62,10,MF,27-09-1992,XHAKA,Arsenal FC,183,82,ENG,26
Jordi Alba,Spain,62,18,DF,21-03-1989,JORDI ALBA,FC Barcelona,170,68,ESP,29
Kevin De Bruyne,Belgium,62,7,MF,28-06-1991,DE BRUYNE,Manchester City FC,181,70,ENG,27
Idrissa Gueye,Senegal,61,5,MF,26-09-1989,GANA,Everton FC,174,64,ENG,29
Mohamed Elneny,Egypt,61,17,MF,11-07-1992,M. ELNENY,Arsenal FC,181,74,ENG,26
Gary Cahill,England,60,15,DF,19-12-1985,CAHILL,Chelsea FC,191,85,ENG,32
Alberto Rodríguez,Peru,59,2,DF,31-03-1984,RODRIGUEZ,Atletico Junior,179,78,COL,34
Domagoj Vida,Croatia,59,21,DF,29-04-1989,VIDA,Besiktas JK,184,76,TUR,29
Mbark Boussoufa,Morocco,59,14,MF,15-08-1984,BOUSSOUFA,Al Jazira,167,59,UAE,34
Michael Krohn-Dehli,Denmark,59,2,MF,06-06-1983,KROHN-DEHLI,Deportivo La Coruña,171,69,ESP,35
Ola Toivonen,Sweden,59,20,FW,03-07-1986,TOIVONEN,Toulouse FC,192,78,FRA,32
Randall Azofeifa,Costa Rica,58,14,MF,30-12-1984,R. AZOFEIFA,CS Herediano,182,83,CRC,33
Thibaut Courtois,Belgium,58,1,GK,11-05-1992,COURTOIS,Chelsea FC,199,91,ENG,26
Alan Dzagoev,Russia,57,9,MF,17-06-1990,DZAGOEV,CSKA Moscow,178,73,RUS,28
Gylfi Sigurðsson,Iceland,57,10,MF,08-09-1989,G. SIGURDSSON,Everton FC,186,82,ENG,29
Kamil Glik,Poland,57,15,DF,03-02-1988,GLIK,AS Monaco,190,80,FRA,30
Kamil Grosicki,Poland,57,11,MF,08-06-1988,GROSICKI,Hull City FC,180,78,ENG,30
Lucas Biglia,Argentina,57,5,MF,30-01-1986,BIGLIA,AC Milan,175,73,ITA,32
Marcus Berg,Sweden,57,9,FW,17-08-1986,BERG,Al Ain FC,183,76,UAE,32
Medhi Benatia,Morocco,57,5,DF,17-04-1987,BENATIA,Juventus FC,188,88,ITA,31
Mohamed Salah,Egypt,57,10,FW,15-06-1992,M SALAH,Liverpool FC,175,71,ENG,26
Willian,Brazil,57,19,MF,09-08-1988,WILLIAN,Chelsea FC,175,77,ENG,30
Yahya Al-Shehri,Saudi Arabia,57,8,MF,26-06-1990,YAHIA,CD Leganés,165,63,ESP,28
Ari Freyr Skúlason,Iceland,56,23,DF,14-05-1987,A. SKÚLASON,KSC Lokeren,170,63,BEL,31
Marcos Rojo,Argentina,56,16,DF,20-03-1990,ROJO,Manchester United FC,189,82,ENG,28
Cristián Zapata,Colombia,55,2,DF,30-09-1986,C. ZAPATA,AC Milan,187,82,ITA,32
Antoine Griezmann,France,54,7,FW,21-03-1991,GRIEZMANN,Atletico Madrid,174,72,ESP,27
Marcelo,Brazil,54,12,DF,12-05-1988,MARCELO,Real Madrid CF,174,80,ESP,30
Nicolás Otamendi,Argentina,54,17,DF,12-02-1988,OTAMENDI,Manchester City FC,181,81,ENG,30
Paul Pogba,France,54,6,MF,15-03-1993,POGBA,Manchester United FC,191,86,ENG,25
Dušan Tadić,Serbia,53,10,MF,20-11-1988,TADIĆ,Southampton FC,181,76,ENG,30
Javier Aquino,Mexico,53,20,MF,11-02-1990,J. AQUINO,Tigres UANL,166,59,MEX,28
Kim Young-gwon,South Korea,53,19,DF,27-02-1990,Y G KIM,Guangzhou Evergrande FC,184,74,CHN,28
Mathew Leckie,Australia,53,7,FW,04-02-1991,LECKIE,Hertha BSC,181,84,GER,27
Ricardo Rodríguez,Switzerland,53,13,DF,25-08-1992,RODRIGUEZ,AC Milan,180,79,ITA,26
Sadio Mané,Senegal,53,10,FW,10-04-1992,MANE,Liverpool FC,175,69,ENG,26
Harold Cummings,Panama,52,3,DF,01-03-1992,CUMMINGS,San Jose Earthquakes,183,92,USA,26
José de Jesús Corona,Mexico,52,1,GK,26-01-1981,J. CORONA,Cruz Azul,182,80,MEX,37
Kara Mbodji,Senegal,52,4,DF,22-11-1989,KARA,RSC Anderlecht,192,85,BEL,29
Ogenyi Onazi,Nigeria,52,17,MF,25-12-1992,ONAZI,Trabzonspor,172,74,TUR,25
Grzegorz Krychowiak,Poland,51,10,MF,29-01-1990,KRYCHOWIAK,West Bromwich Albion FC,186,83,ENG,28
Haris Seferović,Switzerland,51,9,FW,22-02-1992,SEFEROVIC,SL Benfica,186,88,POR,26
Jang Hyun-soo,South Korea,51,20,DF,28-09-1991,H S JANG,FC Tokyo,187,77,JPN,27
Karim El Ahmadi,Morocco,51,8,MF,27-01-1985,EL AHMADI,Feyenoord Rotterdam,179,78,NED,33
Maciej Rybus,Poland,51,13,MF,19-08-1989,RYBUS,FC Lokomotiv Moscow,173,75,RUS,29
Mohamed Abdel-Shafy,Egypt,51,13,DF,01-07-1985,ABDELSHAFY,Al Fateh FC,171,72,KSA,33
Moussa Sow,Senegal,51,7,FW,19-01-1986,SOW,Bursaspor,180,75,TUR,32
Yeltsin Tejeda,Costa Rica,51,17,MF,17-03-1992,Y. TEJEDA,FC Lausanne-Sport,179,67,SUI,26
Kim Shin-wook,South Korea,50,9,FW,14-04-1988,S W KIM,Jeonbuk Hyundai,197,97,KOR,30
Paulinho,Brazil,50,15,MF,25-07-1988,PAULINHO,FC Barcelona,181,81,ESP,30
Hannes Þór Halldórsson,Iceland,49,1,GK,27-04-1984,HALLDORSSON,Randers FC,193,88,DEN,34
Mame Biram Diouf,Senegal,49,9,FW,16-12-1987,M. DIOUF,Stoke City FC,185,81,ENG,30
Aleksandr Samedov,Russia,48,19,MF,19-07-1984,SAMEDOV,FC Spartak Moscow,178,74,RUS,34
Cheikhou Kouyaté,Senegal,48,8,MF,21-12-1989,C. KOUYATE,West Ham United FC,189,75,ENG,28
Alfreð Finnbogason,Iceland,47,11,FW,01-02-1989,FINNBOGASON,FC Augsburg,185,79,GER,29
Antonio Rukavina,Serbia,47,2,DF,26-01-1984,RUKAVINA,Villarreal CF,177,71,ESP,34
Johan Venegas,Costa Rica,47,11,FW,27-11-1988,J. VENEGAS,Deportivo Saprissa,183,76,CRC,30
Miranda,Brazil,47,3,DF,07-09-1984,MIRANDA,FC Internazionale,186,78,ITA,34
Rúrik Gíslason,Iceland,47,19,MF,25-02-1988,GISLASON,SV Sandhausen,184,78,GER,30
Younès Belhanda,Morocco,47,10,MF,25-02-1990,BELHANDA,Galatasaray SK,174,75,TUR,28
Ali Maâloul,Tunisia,46,12,DF,01-01-1990,MAALOUL,Al Ahly SC,170,72,EGY,28
Ashkan Dejagah,Iran,46,21,FW,05-07-1986,DEJAGAH,Nottingham Forest FC,181,78,ENG,32
Pejman Montazeri,Iran,46,15,DF,06-09-1983,P. MONTAZERI,Esteghlal Tehran FC,185,77,IRN,35
Łukasz Fabiański,Poland,45,22,GK,18-04-1985,FABIANSKI,Swansea City AFC,190,83,WAL,33
Ahmed Hegazi,Egypt,45,6,DF,25-01-1991,A. HEGAZY,West Bromwich Albion FC,194,95,ENG,27
André Carrillo,Peru,45,18,FW,14-06-1991,CARRILLO,Watford FC,182,77,ENG,27
Carlos Bacca,Colombia,45,7,FW,08-09-1986,BACCA,Villarreal CF,181,77,ESP,32
Fahad Al-Muwallad,Saudi Arabia,45,19,FW,14-09-1994,FAHAD,Levante UD,168,65,ESP,24
Jimmy Durmaz,Sweden,45,21,MF,22-03-1989,DURMAZ,Toulouse FC,180,69,FRA,29
Nacer Chadli,Belgium,45,22,MF,02-08-1989,CHADLI,West Bromwich Albion FC,187,85,ENG,29
Bryan Oviedo,Costa Rica,44,8,DF,18-02-1990,B. OVIEDO,Sunderland AFC,172,70,ENG,28
Christian Cueva,Peru,44,8,MF,23-11-1991,CUEVA,Sao Paulo FC,169,69,BRA,27
Fernandinho,Brazil,44,17,MF,04-05-1985,FERNANDINHO,Manchester City FC,179,67,ENG,33
Julian Draxler,Germany,44,7,MF,20-09-1993,DRAXLER,Paris Saint-Germain FC,185,74,FRA,25
Mathew Ryan,Australia,44,1,GK,08-04-1992,RYAN,Brighton & Hove Albion FC,184,82,ENG,26
Nordin Amrabat,Morocco,44,16,MF,31-03-1987,N. AMRABAT,CD Leganés,178,77,ESP,31
Saber Khalifa,Tunisia,44,19,FW,14-10-1986,KHALIFA,Club Africain,185,72,TUN,32
David Guzmán,Costa Rica,43,20,MF,18-02-1990,D. GUZMAN,Portland Timbers,176,78,USA,28
Hiroki Sakai,Japan,43,19,DF,12-04-1990,H. SAKAI,Olympique Marseille,183,70,FRA,28
Hugo Ayala,Mexico,43,2,DF,31-03-1987,H. AYALA,Tigres UANL,188,82,MEX,31
Ivan Strinić,Croatia,43,3,DF,17-07-1987,STRINIĆ,UC Sampdoria,186,78,ITA,31
Martin Olsson,Sweden,43,5,DF,17-05-1988,OLSSON,Swansea City AFC,177,81,WAL,30
Reza Ghoochannejhad,Iran,43,16,FW,20-09-1987,REZA,SC Heerenveen,180,79,NED,31
Sławomir Peszko,Poland,43,17,MF,19-02-1985,PESZKO,Lechia Gdansk,173,68,POL,33
Salman Al-Faraj,Saudi Arabia,43,7,MF,01-08-1989,SALMAN,Al Hilal SFC,179,63,KSA,29
William Carvalho,Portugal,43,14,MF,07-04-1992,WILLIAM,Sporting CP,190,80,POR,26
Hotaru Yamaguchi,Japan,42,16,MF,06-10-1990,YAMAGUCHI,Cerezo Osaka,173,72,JPN,28
José Giménez,Uruguay,42,2,DF,20-01-1995,J.M. GIMENEZ,Atletico Madrid,185,77,ESP,23
Nikola Kalinić,Croatia,42,16,FW,05-01-1988,N. KALINIĆ,AC Milan,187,81,ITA,30
Omar Hawsawi,Saudi Arabia,42,5,DF,27-09-1985,OMAR,Al Nassr FC,185,76,KSA,33
Raphaël Varane,France,42,4,DF,25-04-1993,VARANE,Real Madrid CF,191,79,ESP,25
Syam Ben Youssef,Tunisia,42,2,DF,31-03-1989,BEN YOUSSEF .S,Kasimpasa SK,189,87,TUR,29
Cristhian Stuani,Uruguay,41,11,FW,12-10-1986,C. STUANI,Girona FC,186,78,ESP,32
Gōtoku Sakai,Japan,41,21,DF,14-03-1991,G. SAKAI,Hamburger SV,176,74,GER,27
Mateo Kovačić,Croatia,41,8,MF,06-05-1994,KOVAČIĆ,Real Madrid CF,178,78,ESP,24
Santiago Arias,Colombia,41,4,DF,13-01-1992,ARIAS,PSV Eindhoven,177,71,NED,26
Arkadiusz Milik,Poland,40,7,FW,28-02-1994,MILIK,SSC Napoli,186,81,ITA,24
Koke,Spain,40,8,MF,08-01-1992,KOKE,Atletico Madrid,176,73,ESP,26
Mansoor Al-Harbi,Saudi Arabia,40,2,DF,19-10-1987,MANSOUR,Al Ahli SC,173,68,KSA,31
Mohammad Al-Sahlawi,Saudi Arabia,40,10,FW,10-01-1987,ALSAHLAWI,Al Nassr FC,179,75,KSA,31
Nemanja Matić,Serbia,40,21,MF,01-08-1988,MATIĆ,Manchester United FC,194,86,ENG,30
Óscar Duarte,Costa Rica,39,6,DF,03-06-1989,O. DUARTE,RCD Espanyol,186,81,ESP,29
Danny Welbeck,England,39,14,FW,26-11-1990,WELBECK,Arsenal FC,184,78,ENG,28
Dejan Lovren,Croatia,39,6,DF,05-07-1989,LOVREN,Liverpool FC,188,84,ENG,29
Fabian Schär,Switzerland,39,22,DF,20-12-1991,SCHÄR,Deportivo La Coruña,186,83,ESP,26
Fakhreddine Ben Youssef,Tunisia,39,8,FW,23-06-1991,BEN YOUSSEF .F,Al Ittifaq FC,189,80,KSA,27
Ferjani Sassi,Tunisia,39,13,MF,18-03-1992,SASSI,Al Nassr FC,186,80,KSA,26
Jordan Henderson,England,39,8,MF,17-06-1990,HENDERSON,Liverpool FC,183,82,ENG,28
Kenneth Omeruo,Nigeria,39,22,DF,17-10-1993,OMERUO,Kasimpasa SK,185,82,TUR,25
Marco Fabián,Mexico,39,8,FW,21-07-1989,M. FABIÁN,Eintracht Frankfurt,171,70,GER,29
Patrick Pemberton,Costa Rica,39,18,GK,24-04-1982,P. PEMBERTON,LD Alajuelense,178,72,CRC,36
Alireza Jahanbakhsh,Iran,38,18,FW,11-08-1993,A. JAHANBAKHSH,AZ Alkmaar,180,77,NED,25
Danijel Subašić,Croatia,38,23,GK,27-10-1984,SUBAŠIĆ,AS Monaco,191,84,FRA,34
Erick Davis,Panama,38,15,DF,31-03-1991,DAVIS,DAC Dunajska Streda,180,81,SVK,27
Francisco Calvo,Costa Rica,38,15,DF,08-07-1992,F. CALVO,Minnesota United FC,180,78,USA,26
Jón Daði Böðvarsson,Iceland,38,22,FW,25-05-1992,BÖDVARSSON,Reading FC,189,89,ENG,26
Jonas Hector,Germany,38,3,DF,27-05-1990,HECTOR,1. FC Köln,185,75,GER,28
Milan Badelj,Croatia,38,19,MF,25-02-1989,BADELJ,ACF Fiorentina,186,76,ITA,29
Pedro Gallese,Peru,38,1,GK,23-02-1990,GALLESE,CD Tiburones Rojos de Veracruz,189,79,MEX,28
Raheem Sterling,England,38,10,FW,08-12-1994,STERLING,Manchester City FC,170,70,ENG,24
Aleksandar Mitrović,Serbia,37,9,FW,16-09-1994,MITROVIĆ,Fulham FC,189,82,ENG,24
Philippe Coutinho,Brazil,37,11,MF,12-06-1992,P. COUTINHO,FC Barcelona,172,68,ESP,26
Tom Rogic,Australia,37,23,MF,16-12-1992,ROGIC,Celtic FC,189,88,SCO,25
Yasser Al-Shahrani,Saudi Arabia,37,13,DF,25-05-1992,YASIR,Al Hilal SFC,170,63,KSA,26
Ólafur Ingi Skúlason,Iceland,36,16,MF,01-04-1983,Ó. SKÚLASON,Karabukspor,184,79,TUR,35
Abdallah Said,Egypt,36,19,MF,13-07-1985,ABDALLA,Kuopion PS,176,75,FIN,33
Abdulmalek Al-Khaibri,Saudi Arabia,36,11,MF,13-03-1986,ABDULMALEK,Al Hilal SFC,177,73,KSA,32
Artur Jędrzejczyk,Poland,36,3,DF,04-11-1987,JEDRZEJCZYK,Legia Warsaw,189,78,POL,31
Carlos Sánchez,Uruguay,36,5,MF,02-12-1984,C. SANCHEZ,CF Monterrey,171,74,MEX,34
Emil Forsberg,Sweden,36,10,MF,23-10-1991,FORSBERG,RB Leipzig,179,78,GER,27
Jesús Manuel Corona,Mexico,36,17,MF,06-01-1993,JESÚS C.,FC Porto,174,69,POR,25
João Mário,Portugal,36,10,MF,19-01-1993,J. MÁRIO,West Ham United FC,179,73,ENG,25
Lamine Gassama,Senegal,36,21,DF,20-10-1989,GASSAMA,Adanaspor,181,74,TUR,29
Lasse Schöne,Denmark,36,19,MF,27-05-1986,SCHÖNE,AFC Ajax,178,80,NED,32
Massimo Luongo,Australia,36,8,MF,25-09-1992,LUONGO,Queens Park Rangers FC,176,76,ENG,26
Park Joo-ho,South Korea,36,6,DF,16-01-1987,J H PARK,Ulsan Hyundai FC,174,71,KOR,31
Pepe Reina,Spain,36,23,GK,31-08-1982,REINA,SSC Napoli,188,92,ITA,36
Vahid Amiri,Iran,36,11,MF,02-04-1988,V. AMIRI,Persepolis FC,179,71,IRN,30
Šime Vrsaljko,Croatia,35,2,DF,10-01-1992,VRSALJKO,Atletico Madrid,181,76,ESP,26
Adil Rami,France,35,17,DF,27-12-1985,RAMI,Olympique Marseille,190,90,FRA,32
Kasper Schmeichel,Denmark,35,1,GK,05-11-1986,SCHMEICHEL,Leicester City FC,190,92,ENG,32
Kyle Walker,England,35,2,DF,28-05-1990,WALKER,Manchester City FC,178,83,ENG,28
Lee Jae-sung,South Korea,35,17,MF,10-08-1992,J S LEE,Jeonbuk Hyundai,180,70,KOR,26
Marcelo Brozović,Croatia,35,11,MF,16-11-1992,BROZOVIĆ,FC Internazionale,181,68,ITA,26
Tomi Juric,Australia,35,9,FW,22-07-1991,JURIC,FC Luzern,190,80,SUI,27
Trent Sainsbury,Australia,35,20,DF,05-01-1992,SAINSBURY,Grasshopper Club,183,76,SUI,26
Wahbi Khazri,Tunisia,35,10,FW,08-02-1991,KHAZRI,Stade Rennais FC,182,76,FRA,27
Wojciech Szczęsny,Poland,35,1,GK,18-04-1990,SZCZESNY,Juventus FC,195,84,ITA,28
Yann Sommer,Switzerland,35,1,GK,17-12-1988,SOMMER,VfL Borussia Mönchengladbach,183,81,GER,29
Aaron Mooy,Australia,34,13,MF,15-09-1990,MOOY,Huddersfield Town FC,173,72,ENG,28
Albin Ekdal,Sweden,34,8,MF,28-07-1989,EKDAL,Hamburger SV,186,75,GER,29
Ashley Young,England,34,18,DF,09-07-1985,YOUNG,Manchester United FC,175,78,ENG,33
Nabil Dirar,Morocco,34,17,DF,25-02-1986,DIRAR,Fenerbahce SK,187,82,TUR,32
Victor Moses,Nigeria,34,11,FW,12-12-1990,MOSES,Chelsea FC,177,75,ENG,28
Abdiel Arroyo,Panama,33,16,FW,13-12-1993,ARROYO,LD Alajuelense,183,82,CRC,25
Filipe Luís,Brazil,33,6,DF,09-08-1985,FILIPE LUIS,Atletico Madrid,182,73,ESP,33
Genki Haraguchi,Japan,33,8,MF,09-05-1991,HARAGUCHI,Fortuna Düsseldorf,178,68,GER,27
Kim Seung-gyu,South Korea,33,1,GK,30-09-1990,S G KIM,Vissel Kobe,187,80,JPN,28
Michał Pazdan,Poland,33,2,DF,21-09-1987,PAZDAN,Legia Warsaw,181,78,POL,31
Piotr Zieliński,Poland,33,19,MF,20-05-1994,ZIELINSKI,SSC Napoli,177,64,ITA,24
Salem Al-Dawsari,Saudi Arabia,33,18,MF,19-08-1991,SALEM,Villarreal CF,174,68,ESP,27
Sardar Azmoun,Iran,33,20,FW,01-01-1995,SARDAR,FC Rubin Kazan,186,80,RUS,23
Fyodor Smolov,Russia,32,10,FW,09-02-1990,SMOLOV,FC Krasnodar,185,79,RUS,28
Jonathan dos Santos,Mexico,32,6,MF,26-04-1990,J. DOS SANTOS,LA Galaxy,173,69,USA,28
Tomoaki Makino,Japan,32,20,DF,11-05-1987,MAKINO,Urawa Reds,182,77,JPN,31
Yasser Al-Mosailem,Saudi Arabia,32,21,GK,27-02-1984,ALMOSAILEM,Al Ahli SC,186,88,KSA,34
Andrej Kramarić,Croatia,31,9,FW,19-06-1991,KRAMARIĆ,TSG 1899 Hoffenheim,177,73,GER,27
José Calderón,Panama,31,12,GK,14-08-1985,CALDERON,Chorrillo FC,187,87,PAN,33
José Fonte,Portugal,31,6,DF,22-12-1983,FONTE,Dalian Yifang FC,191,84,CHN,34
Marco Reus,Germany,31,11,FW,31-05-1989,REUS,Borussia Dortmund,180,67,GER,29
Nicolai Jørgensen,Denmark,31,9,FW,15-01-1991,N. JØRGENSEN,Feyenoord Rotterdam,194,86,NED,27
Paolo Hurtado,Peru,31,7,MF,27-07-1990,HURTADO,Vitoria Guimaraes,174,66,POR,28
Jung Woo-young,South Korea,30,15,MF,14-12-1989,W Y JUNG,Vissel Kobe,186,78,JPN,28
Omid Ebrahimi,Iran,30,9,MF,16-09-1987,OMID,Esteghlal Tehran FC,178,75,IRN,31
Raúl Ruidíaz,Peru,30,11,FW,25-07-1990,RUIDIAZ,CA Monarcas Morelia,169,67,MEX,28
Rodney Wallace,Costa Rica,30,13,MF,17-06-1988,R. WALLACE,New York City FC,180,70,USA,30
Sebastián Coates,Uruguay,30,19,DF,07-10-1990,S. COATES,Sporting CP,196,89,POR,28
Édgar Bárcenas,Panama,29,8,MF,23-10-1993,BARCENAS,Cafetaleros de Tapachula,175,72,MEX,25
Adem Ljajić,Serbia,29,22,MF,29-09-1991,LJAJIĆ,Torino FC,182,74,ITA,27
Cédric,Portugal,29,21,DF,31-08-1991,CÉDRIC,Southampton FC,172,67,ENG,27
David de Gea,Spain,29,1,GK,07-11-1990,DE GEA,Manchester United FC,190,71,ENG,28
Edison Flores,Peru,29,20,FW,14-05-1994,FLORES,Aalborg BK,170,72,DEN,24
Joshua Kimmich,Germany,29,18,DF,08-02-1995,KIMMICH,FC Bayern München,176,72,GER,23
Josip Drmić,Switzerland,29,19,FW,08-08-1992,DRMIC,VfL Borussia Mönchengladbach,184,78,GER,26
Shikabala,Egypt,29,18,FW,05-03-1986,SHIKABALA,Al Raed SC,183,80,KSA,32
Thiago,Spain,29,10,MF,11-04-1991,THIAGO,FC Bayern München,174,70,GER,27
Yuya Osako,Japan,29,15,FW,18-05-1990,OSAKO,1. FC Köln,182,71,GER,28
Hirving Lozano,Mexico,28,22,FW,30-07-1995,H. LOZANO,PSV Eindhoven,176,66,NED,23
Isco,Spain,28,22,MF,21-04-1992,ISCO,Real Madrid CF,176,74,ESP,26
Lee Yong,South Korea,28,2,DF,24-12-1986,Y LEE,Jeonbuk Hyundai,180,74,KOR,31
Luka Milivojević,Serbia,28,4,MF,07-04-1991,MILIVOJEVIĆ,Crystal Palace FC,186,80,ENG,27
Manuel da Costa,Morocco,28,4,DF,06-05-1986,DA COSTA,Istanbul Başakşehir FK,187,78,TUR,32
Moussa Konaté,Senegal,28,14,FW,03-04-1993,KONATE,Amiens SC,180,78,FRA,25
Ramin Rezaeian,Iran,28,23,DF,21-03-1990,RAMIN,KV Oostende,185,75,BEL,28
Renato Augusto,Brazil,28,8,MF,08-02-1988,R. AUGUSTO,Beijing Guoan,186,86,CHN,30
Yussuf Poulsen,Denmark,28,20,FW,15-06-1994,YURARY,RB Leipzig,193,84,GER,24
Alfredo Talavera,Mexico,27,12,GK,18-09-1982,A. TALAVERA,Deportivo Toluca FC,188,84,MEX,36
Igor Smolnikov,Russia,27,23,DF,08-08-1988,SMOLNIKOV,FC Zenit St. Petersburg,179,72,RUS,30
Miguel Trauco,Peru,27,6,DF,25-08-1992,TRAUCO,CR Flamengo,169,74,BRA,26
Morteza Pouraliganji,Iran,27,8,DF,19-04-1992,M. POURALIGANJI,Al Sadd SC,187,83,QAT,26
Munir Mohamedi,Morocco,27,12,GK,10-05-1989,EL KAJOUI,CD Numancia,190,88,ESP,29
Steve Mandanda,France,27,16,GK,28-03-1985,MANDANDA,Olympique Marseille,187,88,FRA,33
Takashi Inui,Japan,27,14,MF,02-06-1988,INUI,SD Eibar,169,59,ESP,30
Thomas Delaney,Denmark,27,8,MF,03-09-1991,DELANEY,SV Werder Bremen,180,78,GER,27
İlkay Gündoğan,Germany,26,21,MF,24-10-1990,GÜNDOGAN,Manchester City FC,180,79,ENG,28
Alisson,Brazil,26,1,GK,02-10-1992,A. BECKER,AS Roma,193,91,ITA,26
Cheikh N'Doye,Senegal,26,11,MF,29-03-1986,CH. NDOYE,Birmingham City FC,192,90,ENG,32
Eric Dier,England,26,4,MF,15-01-1994,DIER,Tottenham Hotspur FC,188,90,ENG,24
John Stones,England,26,5,DF,28-05-1994,STONES,Manchester City FC,188,72,ENG,24
Kalidou Koulibaly,Senegal,26,3,DF,20-06-1991,KOULIBALY,SSC Napoli,195,89,ITA,27
Kendall Waston,Costa Rica,26,19,DF,01-01-1988,K. WASTON,Vancouver Whitecaps FC,196,87,CAN,30
Khadim N'Diaye,Senegal,26,16,GK,05-04-1985,KH. NDIAYE,Horoya AC,185,80,GUI,33
Marquinhos,Brazil,26,13,DF,14-05-1994,MARQUINHOS,Paris Saint-Germain FC,183,75,FRA,24
Mehdi Taremi,Iran,26,17,FW,18-07-1992,MEHDI,Al Gharafa SC,187,80,QAT,26
Mohamed Amine Ben Amor,Tunisia,26,14,MF,03-05-1992,BEN AMOR,Al Ahli SC,180,75,KSA,26
Yannick Carrasco,Belgium,26,11,MF,04-09-1993,CARRASCO,Dalian Yifang FC,180,67,CHN,25
Aldo Corzo,Peru,25,3,DF,20-05-1989,CORZO,Universitario Lima,172,75,PER,29
Bernardo Silva,Portugal,25,11,MF,10-08-1994,BERNARDO,Manchester City FC,173,65,ENG,24
Breel Embolo,Switzerland,25,7,FW,14-02-1997,EMBOLO,FC Schalke 04,184,86,GER,21
Dele Alli,England,25,20,MF,11-04-1996,DELE,Tottenham Hotspur FC,188,76,ENG,22
Douglas Costa,Brazil,25,7,FW,14-09-1990,D. COSTA,Juventus FC,182,70,ITA,28
Luis Ovalle,Panama,25,17,DF,07-09-1988,OVALLE,CD Olimpia,178,75,HON,30
Phil Jones,England,25,16,DF,21-02-1992,JONES,Manchester United FC,182,72,ENG,26
Saeid Ezatolahi,Iran,25,6,MF,01-10-1996,S. EZATOLAHI,FK Amkar Perm,190,82,RUS,22
Sebastian Rudy,Germany,25,19,MF,28-02-1990,RUDY,FC Bayern München,179,74,GER,28
Shehu Abdullahi,Nigeria,25,12,DF,12-03-1993,SHEHU,Bursaspor,182,75,TUR,25
Thomas Meunier,Belgium,25,15,DF,12-09-1991,MEUNIER,Paris Saint-Germain FC,190,88,FRA,27
Antonio Rüdiger,Germany,24,16,DF,03-03-1993,RÜDIGER,Chelsea FC,191,85,ENG,25
Casemiro,Brazil,24,5,MF,23-02-1992,CASEMIRO,Real Madrid CF,185,84,ESP,26
Duško Tošić,Serbia,24,3,DF,19-01-1985,TOŠIĆ,Besiktas JK,185,79,TUR,33
Harry Kane,England,24,9,FW,28-07-1993,KANE,Tottenham Hotspur FC,188,98,ENG,25
Ikechukwu Ezenwa,Nigeria,24,1,GK,16-10-1988,EZENWA,Enyimba FC,181,80,NGA,30
Marwan Mohsen,Egypt,24,9,FW,26-02-1989,MARWAN,Al Ahly SC,185,81,EGY,29
Michael Lang,Switzerland,24,6,DF,08-02-1991,LANG,FC Basel,185,78,SUI,27
N'Golo Kanté,France,24,13,MF,29-03-1991,KANTE,Chelsea FC,168,70,ENG,27
Omar Gaber,Egypt,24,4,MF,30-01-1992,O. GABER,Los Angeles FC,175,71,USA,26
Raphaël Guerreiro,Portugal,24,5,DF,22-12-1993,RAPHAEL,Borussia Dortmund,170,64,GER,24
Romain Saïss,Morocco,24,6,DF,26-03-1990,SAISS,Wolverhampton Wanderers FC,190,76,ENG,28
Takashi Usami,Japan,24,11,MF,06-05-1992,USAMI,Fortuna Düsseldorf,178,72,GER,26
Trézéguet,Egypt,24,21,MF,01-10-1994,M. TREZEGUET,Kasimpasa SK,181,77,TUR,24
Yoshinori Muto,Japan,24,13,FW,15-07-1992,MUTO,FSV Mainz 05,179,72,GER,26
Adrien Silva,Portugal,23,23,MF,15-03-1989,ADRIEN,Leicester City FC,176,72,ENG,29
André Silva,Portugal,23,9,FW,06-11-1995,ANDRÉ SILVA,AC Milan,184,78,ITA,23
Artem Dzyuba,Russia,23,22,FW,22-08-1988,DZYUBA,FC Arsenal Tula,196,90,RUS,30
Aziz Behich,Australia,23,16,DF,16-12-1990,BEHICH,Bursaspor,170,63,TUR,27
Enzo Pérez,Argentina,23,15,MF,15-02-1993,LANZINI,West Ham United FC,167,66,ENG,25
Fayçal Fajr,Morocco,23,11,MF,01-08-1988,FAJR,Getafe CF,178,72,ESP,30
Fidel Escobar,Panama,23,4,DF,09-01-1995,ESCOBAR,New York Red Bulls,182,82,USA,23
Filip Kostić,Serbia,23,17,MF,01-11-1992,KOSTIĆ,Hamburger SV,184,82,GER,26
Jesús Gallardo,Mexico,23,23,MF,15-08-1994,J. GALLARDO,Pumas UNAM,177,74,MEX,24
Ramadan Sobhi,Egypt,23,14,FW,23-01-1997,RAMADAN,Stoke City FC,183,77,ENG,21
Renato Tapia,Peru,23,13,MF,28-07-1995,TAPIA,Feyenoord Rotterdam,185,85,NED,23
Valentín Pimentel,Panama,23,14,MF,30-05-1991,PIMENTEL,Plaza Amador,189,80,PAN,27
Alireza Beiranvand,Iran,22,1,GK,21-09-1992,A. BEIRANVAND,Persepolis FC,194,85,IRN,26
César Azpilicueta,Spain,22,14,DF,28-08-1989,AZPILICUETA,Chelsea FC,178,78,ENG,29
Jamie Vardy,England,22,11,FW,11-01-1987,VARDY,Leicester City FC,178,80,ENG,31
Matías Vecino,Uruguay,22,15,MF,24-08-1991,M. VECINO,FC Internazionale,189,80,ITA,27
Michael Amir Murillo,Panama,22,2,DF,11-02-1996,MURILLO,New York Red Bulls,183,78,USA,22
Nacho Monreal,Spain,22,16,DF,26-02-1986,MONREAL,Arsenal FC,179,72,ENG,32
Oscar Hiljemark,Sweden,22,15,MF,28-06-1992,HILJEMARK,Genoa CFC,184,73,ITA,26
Salif Sané,Senegal,22,6,MF,25-08-1990,S. SANE,Hannover 96,196,84,GER,28
Sherif Ekramy,Egypt,22,16,GK,10-07-1983,EKRAMY,Al Ahly SC,193,93,EGY,35
Viktor Claesson,Sweden,22,17,MF,02-01-1992,CLAESSON,FC Krasnodar,183,79,RUS,26
William Troost-Ekong,Nigeria,22,5,DF,01-09-1993,EKONG,Bursaspor,191,85,TUR,25
Alfred N'Diaye,Senegal,21,13,MF,06-03-1990,A. NDIAYE,Wolverhampton Wanderers FC,186,80,ENG,28
Ali Gabr,Egypt,21,2,DF,01-01-1989,ALI GABR,West Bromwich Albion FC,191,88,ENG,29
Carlos Salcedo,Mexico,21,3,DF,29-09-1993,C. SALCEDO,Eintracht Frankfurt,189,83,GER,25
Roberto Firmino,Brazil,21,20,FW,02-10-1991,FIRMINO,Liverpool FC,181,76,ENG,27
Simon Mignolet,Belgium,21,12,GK,06-03-1988,MIGNOLET,Liverpool FC,193,87,ENG,30
Tarek Hamed,Egypt,21,8,MF,24-10-1988,TAREK HAMED,Zamalek,169,67,EGY,30
Victor Lindelöf,Sweden,21,3,DF,17-07-1994,LINDELÖF,Manchester United FC,187,81,ENG,24
Badou Ndiaye,Senegal,20,17,MF,27-10-1990,P.A. NDIAYE,Stoke City FC,181,74,ENG,28
Diego Costa,Spain,20,19,FW,07-10-1988,DIEGO COSTA,Atletico Madrid,185,86,ESP,30
Gabriel Mercado,Argentina,20,2,DF,18-03-1987,MERCADO,Sevilla FC,181,81,ESP,31
Go Yo-han,South Korea,20,22,DF,10-03-1988,Y H GO,FC Seoul,170,65,KOR,30
Isaac Kiese Thelin,Sweden,20,22,FW,24-06-1992,KIESE THELIN,KV Waasland-Beveren,189,83,BEL,26
John Guidetti,Sweden,20,11,FW,15-04-1992,GUIDETTI,Deportivo Alavés,185,79,ESP,26
John Ogu,Nigeria,20,19,MF,20-04-1988,OGU,Hapoel Be'er Sheva FC,191,90,ISR,30
Karol Linetty,Poland,20,8,MF,02-02-1995,LINETTY,UC Sampdoria,176,73,ITA,23
Kim Min-woo,South Korea,20,12,DF,25-02-1990,M W KIM,Sangju Sangmu FC,172,69,KOR,28
Marc-André ter Stegen,Germany,20,22,GK,30-04-1992,TER STEGEN,FC Barcelona,187,85,ESP,26
Martin Braithwaite,Denmark,20,11,FW,05-06-1991,BRAITHWAITE,FC Girondins Bordeaux,180,73,FRA,27
Mehdi Carcela,Morocco,20,23,MF,01-07-1989,CARCELA,Standard Liège,176,67,BEL,29
Sverrir Ingi Ingason,Iceland,20,5,DF,05-08-1993,INGASON,FC Rostov,188,80,RUS,25
Aleksandr Golovin,Russia,19,17,MF,30-05-1996,GOLOVIN,CSKA Moscow,178,70,RUS,22
Alex Iwobi,Nigeria,19,18,FW,03-05-1996,IWOBI,Arsenal FC,185,86,ENG,22
Arnór Ingvi Traustason,Iceland,19,21,MF,30-04-1993,TRAUSTASON,Malmö FF,183,73,SWE,25
Fyodor Kudryashov,Russia,19,13,DF,05-04-1987,KUDRIASHOV,FC Rubin Kazan,187,78,RUS,31
Jackson Irvine,Australia,19,22,MF,07-03-1993,IRVINE,Hull City FC,180,77,ENG,25
Josip Pivarić,Croatia,19,22,DF,30-01-1989,PIVARIĆ,FC Dynamo Kyiv,176,69,UKR,29
Kahraba,Egypt,19,11,FW,13-04-1994,M. KAHRABA,Al-Ittihad FC,182,76,KSA,24
Keita Baldé,Senegal,19,20,FW,08-03-1995,KEÏTA BALDE,AS Monaco,181,77,FRA,23
Leon Balogun,Nigeria,19,6,DF,28-06-1988,BALOGUN,FSV Mainz 05,190,89,GER,30
Marcus Rashford,England,19,19,FW,31-10-1997,RASHFORD,Manchester United FC,180,78,ENG,21
Milad Mohammadi,Iran,19,5,DF,29-09-1993,M. MOHAMMADI,FC Akhmat Grozny,178,69,RUS,25
Odion Ighalo,Nigeria,19,9,FW,16-06-1989,IGHALO,Changchun Yatai,188,83,CHN,29
Samuel Umtiti,France,19,5,DF,14-11-1993,UMTITI,FC Barcelona,183,84,ESP,25
Thiago Cionek,Poland,19,4,DF,21-04-1986,CIONEK,SPAL Ferrara,184,81,ITA,32
Viktor Fischer,Denmark,19,15,FW,09-06-1994,FISCHER,FC Kobenhavn,181,80,DEN,24
Aleksei Miranchuk,Russia,18,15,MF,17-10-1995,MIRANCHUK AL.,FC Lokomotiv Moscow,185,77,RUS,23
Andreas Cornelius,Denmark,18,21,FW,16-03-1993,CORNELIUS,Atalanta Bergamo,195,91,ITA,25
Danilo,Brazil,18,14,DF,15-07-1991,DANILO,Manchester City FC,184,78,ENG,27
Danny Rose,England,18,3,DF,02-07-1990,ROSE,Tottenham Hotspur FC,173,76,ENG,28
François Moubandje,Switzerland,18,3,DF,21-06-1990,MOUBANDJE,Toulouse FC,180,76,FRA,28
Gaku Shibasaki,Japan,18,7,MF,28-05-1992,SHIBASAKI,Getafe CF,175,64,ESP,26
Gelson Martins,Portugal,18,18,FW,11-05-1995,GELSON,Sporting CP,173,63,POR,23
Hakim Ziyech,Morocco,18,7,MF,19-03-1993,ZIYACH,AFC Ajax,180,70,NED,25
Housain Al-Mogahwi,Saudi Arabia,18,16,MF,24-03-1988,HUSSAIN,Al Ahli SC,174,76,KSA,30
Kelechi Iheanacho,Nigeria,18,14,FW,10-03-1996,IHEANACHO,Leicester City FC,183,80,ENG,22
Khalid Boutaïb,Morocco,18,13,FW,24-04-1987,BOUTAIB,Yeni Malatyaspor,190,80,TUR,31
Luis Muriel,Colombia,18,14,FW,16-04-1991,L. MURIEL,Sevilla FC,178,79,ESP,27
Matthias Ginter,Germany,18,4,DF,19-01-1994,GINTER,VfL Borussia Mönchengladbach,189,85,GER,24
Milos Degenek,Australia,18,2,DF,28-04-1994,DEGENEK,Yokohama F-Marinos,187,85,JPN,24
Muhannad Assiri,Saudi Arabia,18,20,FW,14-10-1986,MUHANNAD,Al Ahli SC,185,79,KSA,32
Robin Olsen,Sweden,18,1,GK,08-01-1990,OLSEN,FC Kobenhavn,198,89,DEN,28
Saliou Ciss,Senegal,18,2,DF,15-06-1989,CISS,Valenciennes FC,173,69,FRA,29
Łukasz Teodorczyk,Poland,17,14,FW,03-06-1991,TEODORCZYK,RSC Anderlecht,185,78,BEL,27
Abdoulaye Diallo,Senegal,17,1,GK,30-03-1992,DIALLO,Stade Rennais FC,189,79,FRA,26
Aleksandr Yerokhin,Russia,17,21,MF,13-10-1989,EROKHIN,FC Zenit St. Petersburg,191,79,RUS,29
Andy Polo,Peru,17,14,MF,29-09-1994,POLO,Portland Timbers,174,71,USA,24
Djibril Sidibé,France,17,19,DF,29-07-1992,SIDIBE,AS Monaco,184,81,FRA,26
Gabriel Jesus,Brazil,17,9,FW,03-04-1997,G. JESUS,Manchester City FC,175,73,ENG,21
Gastón Silva,Uruguay,17,13,DF,05-03-1994,G. SILVA,CA Independiente,185,74,ARG,24
Joel Obi,Nigeria,17,15,MF,22-05-1991,OBI,Torino FC,177,77,ITA,27
Mehdi Torabi,Iran,17,2,MF,10-09-1994,M. TORABI,Saipa Alborz FC,185,71,IRN,24
Motaz Hawsawi,Saudi Arabia,17,23,DF,17-02-1992,MOTAZ,Al Ahli SC,180,79,KSA,26
Naïm Sliti,Tunisia,17,23,FW,27-07-1992,SLITI,Dijon FCO,173,65,FRA,26
Nacho,Spain,17,4,DF,18-01-1990,NACHO,Real Madrid CF,179,77,ESP,28
Wilfred Ndidi,Nigeria,17,4,MF,16-12-1996,NDIDI,Leicester City FC,184,73,ENG,21
Abdullah Otayf,Saudi Arabia,16,14,MF,03-08-1992,OTAYF,Al Hilal SFC,177,66,KSA,26
Amr Warda,Egypt,16,22,FW,17-09-1993,WARDA,Atromitos FC,179,77,GRE,25
Andreas Christensen,Denmark,16,6,DF,10-04-1996,CHRISTENSEN,Chelsea FC,192,85,ENG,22
Ante Rebić,Croatia,16,18,FW,21-09-1993,REBIĆ,Eintracht Frankfurt,185,78,GER,25
Hörður Björgvin Magnússon,Iceland,16,18,DF,11-02-1993,MAGNÚSSON,Bristol City FC,191,85,ENG,25
Ismaïla Sarr,Senegal,16,18,FW,25-02-1998,ISMAÏLA,Stade Rennais FC,175,70,FRA,20
Jannik Vestergaard,Denmark,16,3,DF,03-08-1992,VESTERGAARD,VfL Borussia Mönchengladbach,200,98,GER,26
Julian Brandt,Germany,16,20,MF,02-05-1996,BRANDT,Bayer 04 Leverkusen,183,82,GER,22
Marko Pjaca,Croatia,16,20,FW,06-05-1995,PJACA,FC Schalke 04,186,83,GER,23
Michy Batshuayi,Belgium,16,21,FW,02-10-1993,BATSHUAYI,Borussia Dortmund,185,78,GER,25
Yassine Meriah,Tunisia,16,4,DF,02-07-1993,MERIAH,CS Sfaxien,183,70,TUN,25
Youssef En-Nesyri,Morocco,16,19,FW,01-06-1997,EN-NESYRI,Malaga CF,188,75,ESP,21
Aziz Bouhaddouz,Morocco,15,20,FW,30-03-1987,BOUHADDOUZ,FC St. Pauli,188,80,GER,31
Dani Carvajal,Spain,15,2,DF,11-01-1992,CARVAJAL,Real Madrid CF,173,73,ESP,26
Farouk Ben Mustapha,Tunisia,15,1,GK,01-07-1989,BEN MUSTAPHA,Al Shabab FC,192,85,KSA,29
Hamdi Nagguez,Tunisia,15,21,DF,28-10-1992,NAGUEZ,Zamalek,186,75,EGY,26
Juan Fernando Quintero,Colombia,15,20,MF,18-01-1993,J. QUINTERO,CA River Plate,169,64,ARG,25
Kim Jin-hyeon,South Korea,15,21,GK,06-07-1987,J H KIM,Cerezo Osaka,193,82,JPN,31
Kylian Mbappé,France,15,10,FW,20-12-1998,MBAPPE,Paris Saint-Germain FC,178,78,FRA,19
Leon Goretzka,Germany,15,14,MF,06-02-1995,GORETZKA,FC Schalke 04,189,76,GER,23
Ludwig Augustinsson,Sweden,15,6,DF,21-04-1994,AUGUSTINSSON,SV Werder Bremen,181,76,GER,24
Pontus Jansson,Sweden,15,18,DF,13-02-1991,JANSSON,Leeds United FC,194,89,ENG,27
Beto,Portugal,14,22,GK,01-05-1982,BETO,Goztepe SK,183,79,TUR,36
Giorgian De Arrascaeta,Uruguay,14,10,FW,01-06-1994,G. DE ARRASCAETA,Cruzeiro EC,172,64,BRA,24
Hong Chul,South Korea,14,14,DF,17-09-1990,C HONG,Sangju Sangmu FC,176,67,KOR,28
Hwang Hee-chan,South Korea,14,11,FW,26-01-1996,H C HWANG,FC Red Bull Salzburg,177,77,AUT,22
Manuel Fernandes,Portugal,14,4,MF,05-02-1986,M. FERNANDES,FC Lokomotiv Moscow,174,69,RUS,32
Mario Gavranović,Switzerland,14,18,FW,24-11-1989,GAVRANOVIC,GNK Dinamo Zagreb,175,75,CRO,29
Oghenekaro Etebo,Nigeria,14,8,MF,09-11-1995,ETEBO,UD Las Palmas,174,74,ESP,23
Pione Sisto,Denmark,14,23,FW,04-02-1995,SISTO,Celta Vigo,173,69,ESP,23
Timo Werner,Germany,14,9,FW,06-03-1996,WERNER,RB Leipzig,181,75,GER,22
Youssef Aït Bennasser,Morocco,14,15,MF,07-07-1996,AIT BENNASSER,SM Caen,184,75,FRA,22
Óscar Murillo,Colombia,13,3,DF,18-04-1988,O. MURILLO,CF Pachuca,184,80,MEX,30
Edson Álvarez,Mexico,13,21,DF,24-10-1997,E. ÁLVAREZ,Club América,186,72,MEX,21
Emil Krafth,Sweden,13,16,DF,02-08-1994,KRAFTH,Bologna FC,181,72,ITA,24
Farid Díaz,Colombia,13,18,DF,22-02-1991,FABRA,CA Boca Juniors,172,72,ARG,27
Gustav Svensson,Sweden,13,13,MF,07-02-1987,SVENSSON,Seattle Sounders FC,183,77,USA,31
Hamza Mendyl,Morocco,13,3,DF,21-10-1997,MENDYL,Lille OSC,179,70,FRA,21
Jens Stryger Larsen,Denmark,13,17,DF,21-02-1991,STRYGER,Udinese Calcio,182,82,ITA,27
Pedro Aquino,Peru,13,23,MF,13-04-1995,AQUINO,Lobos BUAP,174,71,MEX,23
Björn Bergmann Sigurðarson,Iceland,12,9,FW,26-02-1991,SIGURDARSON,FC Rostov,187,85,RUS,27
Diafra Sakho,Senegal,12,15,FW,24-12-1989,SAKHO,Stade Rennais FC,184,79,FRA,28
Jesse Lingard,England,12,7,MF,15-12-1992,LINGARD,Manchester United FC,175,60,ENG,25
Marco Asensio,Spain,12,20,MF,21-01-1996,ASENSIO,Real Madrid CF,182,76,ESP,22
Marcus Rohdén,Sweden,12,19,MF,11-05-1991,ROHDÉN,FC Crotone,182,76,ITA,27
Mathias Jørgensen,Denmark,12,13,DF,23-04-1990,M. JØRGENSEN,Huddersfield Town FC,191,85,ENG,28
Nabil Fekir,France,12,18,FW,18-07-1993,FEKIR,Olympique Lyon,173,76,FRA,25
Nahitan Nández,Uruguay,12,8,MF,28-12-1995,N. NANDEZ,CA Boca Juniors,171,61,ARG,22
Ousmane Dembélé,France,12,11,FW,15-05-1997,DEMBELE,FC Barcelona,178,70,ESP,21
Paulo Dybala,Argentina,12,21,FW,15-11-1993,DYBALA,Juventus FC,177,73,ITA,25
Roman Zobnin,Russia,12,11,MF,11-02-1994,ZOBNIN,FC Spartak Moscow,185,77,RUS,24
Steven Zuber,Switzerland,12,14,MF,17-08-1991,ZUBER,TSG 1899 Hoffenheim,182,79,GER,27
Thomas Lemar,France,12,8,FW,12-11-1995,LEMAR,AS Monaco,172,65,FRA,23
Tin Jedvaj,Croatia,12,13,DF,28-11-1995,JEDVAJ,Bayer 04 Leverkusen,184,81,GER,23
Vladimir Granat,Russia,12,14,DF,22-05-1987,GRANAT,FC Rubin Kazan,184,80,RUS,31
Wataru Endo,Japan,12,6,DF,09-02-1993,ENDO,Urawa Reds,178,75,JPN,25
Yerry Mina,Colombia,12,13,DF,23-09-1994,Y. MINA,FC Barcelona,194,95,ESP,24
Abdullah Al-Mayouf,Saudi Arabia,11,1,GK,23-01-1987,ABDULLAH,Al Hilal SFC,178,98,KSA,31
Daniel Colindres,Costa Rica,11,9,MF,10-01-1985,D. COLINDRES,Deportivo Saprissa,180,75,CRC,33
Denis Cheryshev,Russia,11,6,MF,26-12-1990,CHERYSHEV,Villarreal CF,173,68,ESP,27
Fabian Delph,England,11,17,DF,21-11-1989,DELPH,Manchester City FC,174,78,ENG,29
Gen Shoji,Japan,11,3,DF,11-12-1992,SHOJI,Kashima Antlers,182,74,JPN,26
Henrik Dalsgaard,Denmark,11,14,DF,27-07-1989,DALSGAARD,Brentford FC,190,81,ENG,29
Ismael Díaz,Panama,11,10,FW,12-05-1997,DIAZ,Deportivo La Coruña,181,72,ESP,21
Ju Se-jong,South Korea,11,8,MF,30-10-1990,S J JU,Asan Mugunghwa FC,176,70,KOR,28
Lovre Kalinić,Croatia,11,12,GK,03-04-1990,L. KALINIĆ,KAA Gent,201,96,BEL,28
Martín Silva,Uruguay,11,23,GK,25-03-1983,M. SILVA,CR Vasco da Gama,187,82,BRA,35
Mohammad Reza Khanzadeh,Iran,11,13,DF,11-05-1991,M.R. KHANZADEH,Padideh FC,186,80,IRN,27
Mohammed Al-Breik,Saudi Arabia,11,6,DF,15-09-1992,ALBURAYK,Al Hilal SFC,173,61,KSA,26
Niklas Süle,Germany,11,15,DF,03-09-1995,SÜLE,FC Bayern München,195,89,GER,23
Saad Samir,Egypt,11,20,DF,01-04-1989,S. SAMIR,Al Ahly SC,183,82,EGY,29
Thorgan Hazard,Belgium,11,16,MF,29-03-1993,T. HAZARD,VfL Borussia Mönchengladbach,174,70,GER,25
Yassine Bounou,Morocco,11,1,GK,05-04-1991,BOUNOU,Girona FC,190,77,ESP,27
Achraf Hakimi,Morocco,10,2,DF,04-11-1998,HAKIMI,Real Madrid CF,179,65,ESP,20
Andrija Živković,Serbia,10,7,MF,11-07-1996,ŽIVKOVIĆ,SL Benfica,169,68,POR,22
Ayoub El Kaabi,Morocco,10,9,FW,25-06-1993,EL KAABI,RS Berkane,182,72,MAR,25
Denis Zakaria,Switzerland,10,17,MF,20-11-1996,ZAKARIA,VfL Borussia Mönchengladbach,189,77,GER,22
Gonçalo Guedes,Portugal,10,17,FW,29-11-1996,G. GUEDES,Valencia CF,179,72,ESP,22
Hólmar Örn Eyjólfsson,Iceland,10,15,DF,06-08-1990,EYJÓLFSSON,Levski Sofia,188,81,BUL,28
Iago Aspas,Spain,10,17,FW,01-08-1987,IAGO ASPAS,Celta Vigo,176,67,ESP,31
Marcos Acuña,Argentina,10,8,DF,28-10-1991,ACUÑA,Sporting CP,172,77,POR,27
Moussa Wagué,Senegal,10,22,DF,04-10-1998,M. WAGUE,KAS Eupen,177,70,BEL,20
Remo Freuler,Switzerland,10,8,MF,15-04-1992,FREULER,Atalanta Bergamo,181,75,ITA,26
Rouzbeh Cheshmi,Iran,10,4,DF,24-07-1993,R. CHESHMI,Esteghlal Tehran FC,192,80,IRN,25
Saúl,Spain,10,7,MF,21-11-1994,SAÚL,Atletico Madrid,183,76,ESP,24
Vladimir Gabulov,Russia,10,20,GK,19-10-1983,GABULOV,Club Brugge KV,190,81,BEL,35
Wílmar Barrios,Colombia,10,5,MF,16-10-1993,BARRIOS,CA Boca Juniors,178,74,ARG,25
Érick Gutiérrez,Mexico,9,5,DF,19-09-1992,D. REYES,FC Porto,190,77,POR,26
Aleksandar Prijović,Serbia,9,8,FW,21-04-1990,PRIJOVIĆ,PAOK FC,191,88,GRE,28
Corentin Tolisso,France,9,12,MF,03-08-1994,TOLISSO,FC Bayern München,180,82,GER,24
Dávinson Sánchez,Colombia,9,23,DF,12-06-1996,D. SANCHEZ,Tottenham Hotspur FC,187,81,ENG,22
Eduardo Salvio,Argentina,9,18,DF,13-07-1990,SALVIO,SL Benfica,167,69,POR,28
Federico Fazio,Argentina,9,6,DF,17-03-1987,FAZIO,AS Roma,199,85,ITA,31
Kenner Gutiérrez,Costa Rica,9,22,DF,09-07-1994,R. MATARRITA,New York City FC,175,70,USA,24
Leonel Moreira,Costa Rica,9,23,GK,02-04-1990,L. MOREIRA,CS Herediano,179,70,CRC,28
Oussama Haddadi,Tunisia,9,5,DF,28-01-1992,HADDADI,Dijon FCO,185,76,FRA,26
Roman Bürki,Switzerland,9,21,GK,14-11-1990,BÜRKI,Borussia Dortmund,188,83,GER,28
Youri Tielemans,Belgium,9,17,MF,07-05-1997,TIELEMANS,AS Monaco,176,72,FRA,21
Adnan Januzaj,Belgium,8,18,FW,05-02-1995,JANUZAJ,Real Sociedad,180,75,ESP,23
Bartosz Bereszyński,Poland,8,18,DF,12-07-1992,BERESZYNSKI,UC Sampdoria,182,72,ITA,26
Fred,Brazil,8,18,MF,05-03-1993,FRED,FC Shakhtar Donetsk,169,64,UKR,25
Jack Butland,England,8,13,GK,10-03-1993,BUTLAND,Stoke City FC,196,96,ENG,25
Josh Risdon,Australia,8,19,DF,27-07-1992,RISDON,WS Wanderers FC,169,70,AUS,26
Kristoffer Nordfeldt,Sweden,8,23,GK,23-06-1989,NORDFELDT,Swansea City AFC,190,85,WAL,29
Marko Grujić,Serbia,8,16,MF,13-04-1996,GRUJIĆ,Cardiff City FC,190,82,WAL,22
Mateus Uribe,Colombia,8,15,MF,21-03-1991,M. URIBE,Club América,182,71,MEX,27
Predrag Rajković,Serbia,8,12,GK,31-10-1995,RAJKOVIĆ,Maccabi Tel-Aviv FC,191,85,ISR,23
Rami Bedoui,Tunisia,8,6,DF,19-01-1990,BEDOUI,Étoile du Sahel,187,77,TUN,28
Saman Ghoddos,Iran,8,14,FW,06-09-1993,GHODDOS,IFK Östersund FK,177,79,SWE,25
Taison,Brazil,8,21,FW,13-01-1988,TAISON,FC Shakhtar Donetsk,172,64,UKR,30
Anice Badri,Tunisia,7,9,MF,18-09-1990,BADRI,ES Tunis,178,70,TUN,28
Anthony Lopes,Portugal,7,12,GK,01-10-1990,LOPES,Olympique Lyon,184,81,FRA,28
Benjamin Mendy,France,7,22,DF,17-07-1994,MENDY,Manchester City FC,183,84,ENG,24
Daniel Akpeyi,Nigeria,7,16,GK,08-03-1986,AKPEYI,Chippa United FC,187,94,RSA,32
Dedryck Boyata,Belgium,7,20,DF,28-11-1990,BOYATA,Celtic FC,188,84,SCO,28
Ilya Kutepov,Russia,7,3,DF,29-07-1993,KUTEPOV,FC Spartak Moscow,190,82,RUS,25
Kieran Trippier,England,7,12,DF,19-09-1990,TRIPPIER,Tottenham Hotspur FC,178,72,ENG,28
Lucas Vázquez,Spain,7,11,FW,01-07-1991,LUCAS V.,Real Madrid CF,173,70,ESP,27
Manuel Akanji,Switzerland,7,5,DF,19-07-1995,AKANJI,Borussia Dortmund,186,85,GER,23
M'Baye Niang,Senegal,7,19,FW,19-12-1994,NIANG,Torino FC,184,74,ITA,23
Miguel Araujo,Peru,7,5,DF,24-10-1994,ARAUJO,Alianza Lima,178,77,PER,24
Miguel Borja,Colombia,7,19,FW,26-01-1993,M. BORJA,SE Palmeiras,183,74,BRA,25
Rodrigo Bentancur,Uruguay,7,6,MF,25-06-1997,R. BENTANCUR,Juventus FC,187,73,ITA,21
Tyronne Ebuehi,Nigeria,7,21,DF,16-12-1995,EBUEHI,ADO Den Haag,187,74,NED,22
Álex Rodríguez,Panama,6,22,GK,05-08-1990,RODRIGUEZ,San Francisco FC,197,83,PAN,28
Amine Harit,Morocco,6,18,MF,18-06-1997,HARIT,FC Schalke 04,179,66,GER,21
Andrei Semyonov,Russia,6,5,DF,24-03-1989,SEMENOV,FC Akhmat Grozny,191,87,RUS,29
Anton Miranchuk,Russia,6,16,MF,17-10-1995,MIRANCHUK AN.,FC Lokomotiv Moscow,182,67,RUS,23
Benjamin Pavard,France,6,2,DF,28-03-1996,PAVARD,VfB Stuttgart,186,76,GER,22
Brad Jones,Australia,6,12,GK,19-03-1982,JONES,Feyenoord Rotterdam,193,87,NED,36
Bruno Fernandes,Portugal,6,16,MF,08-09-1994,B. FERNANDES,Sporting CP,183,64,POR,24
Cho Hyun-woo,South Korea,6,23,GK,25-09-1991,H W JO,Daegu FC,189,75,KOR,27
Daler Kuzyayev,Russia,6,7,MF,15-01-1993,KUZIAEV,FC Zenit St. Petersburg,182,74,RUS,25
Diego Laxalt,Uruguay,6,17,MF,07-02-1993,D. LAXALT,Genoa CFC,178,66,ITA,25
Francis Uzoho,Nigeria,6,23,GK,28-10-1998,UZOHO,Deportivo La Coruña,196,91,ESP,20
Frederik Rønnow,Denmark,6,22,GK,04-08-1992,RØNNOW,Brondby IF,190,85,DEN,26
Ghailene Chaalali,Tunisia,6,20,FW,28-02-1994,CHAALELI,ES Tunis,179,70,TUN,24
Jamie Maclaren,Australia,6,14,FW,29-07-1993,MACLAREN,Hibernian FC,178,72,SCO,25
José Carvallo,Peru,6,21,GK,01-03-1986,CARVALLO,Universidad Técnica de Cajamarca,182,84,PER,32
Jung Seung-hyun,South Korea,6,3,DF,03-04-1994,S H JUNG,Sagan Tosu FC,188,74,JPN,24
Kasper Dolberg,Denmark,6,12,FW,06-10-1997,DOLBERG,AFC Ajax,187,85,NED,21
Marvin Plattenhardt,Germany,6,2,DF,26-01-1992,PLATTENHARDT,Hertha BSC,181,76,GER,26
Mohamed Kanno,Saudi Arabia,6,12,MF,22-09-1994,KANNO,Al Hilal SFC,192,73,KSA,24
Mohammed Al-Owais,Saudi Arabia,6,22,GK,10-10-1991,ALOWAIS,Al Ahli SC,187,79,KSA,27
Nahuel Guzmán,Argentina,6,1,GK,10-02-1986,GUZMÁN,Tigres UANL,192,90,MEX,32
Nico Elvedi,Switzerland,6,4,DF,30-09-1996,ELVEDI,VfL Borussia Mönchengladbach,187,77,GER,22
Rodrigo,Spain,6,9,FW,06-03-1991,RODRIGO M.,Valencia CF,182,72,ESP,27
Sofyan Amrabat,Morocco,6,21,MF,21-08-1996,S. AMRABAT,Feyenoord Rotterdam,183,77,NED,22
Yun Young-sun,South Korea,6,5,DF,04-10-1988,Y S YUN,Seongnam FC,185,78,KOR,30
Yury Gazinsky,Russia,6,8,MF,20-07-1989,GAZINSKII,FC Krasnodar,180,75,RUS,29
Abdullah Al-Khaibari,Saudi Arabia,5,15,MF,16-08-1996,ALKHAIBARI,Al Shabab FC,175,66,KSA,22
Albert Guðmundsson,Iceland,5,4,MF,15-06-1997,A. GUDMUNDSSON,PSV Eindhoven,177,80,NED,21
Bassem Srarfi,Tunisia,5,18,FW,25-06-1997,SRARFI,OGC Nice,176,71,FRA,21
Brian Idowu,Nigeria,5,2,DF,18-05-1992,IDOWU,FK Amkar Perm,179,75,RUS,26
Camilo Vargas,Colombia,5,12,GK,09-03-1989,C. VARGAS,AC Deportivo Cali,185,80,COL,29
Cristian Ansaldi,Argentina,5,4,DF,20-09-1986,ANSALDI,Torino FC,181,73,ITA,32
Cristian Pavón,Argentina,5,22,MF,21-01-1996,PAVÓN,CA Boca Juniors,169,65,ARG,22
Dylan Bronn,Tunisia,5,11,DF,19-06-1995,BRONN,KAA Gent,186,75,BEL,23
Ellyes Skhiri,Tunisia,5,17,MF,10-05-1995,SKHIRI JORIS,Montpellier HSC,185,69,FRA,23
Giovani Lo Celso,Argentina,5,20,MF,09-04-1996,LO CELSO,Paris Saint-Germain FC,177,75,FRA,22
Harry Maguire,England,5,6,DF,05-03-1993,MAGUIRE,Leicester City FC,193,98,ENG,25
Hattan Bahebri,Saudi Arabia,5,9,MF,16-07-1992,HATAN,Al Shabab FC,170,66,KSA,26
Jacek Góralski,Poland,5,6,MF,21-09-1992,GORALSKI,PFC Ludogorets Razgrad,172,66,BUL,26
Jefferson Lerma,Colombia,5,16,MF,25-10-1994,J. LERMA,Levante UD,179,70,ESP,24
José Izquierdo,Colombia,5,21,FW,07-07-1992,IZQUIERDO,Brighton & Hove Albion FC,171,73,ENG,26
Karl-Johan Johnsson,Sweden,5,12,GK,28-01-1990,JOHNSSON,EA Guingamp,187,83,FRA,28
Leander Dendoncker,Belgium,5,23,DF,15-04-1995,DENDONCKER,RSC Anderlecht,188,76,BEL,23
Lucas Hernández,France,5,21,DF,14-02-1996,HERNANDEZ,Atletico Madrid,183,76,ESP,22
Mário Fernandes,Russia,5,2,DF,19-09-1990,FERNANDES,CSKA Moscow,187,79,RUS,28
Masaaki Higashiguchi,Japan,5,12,GK,12-05-1986,HIGASHIGUCHI,Gamba Osaka,184,78,JPN,32
Maxi Gómez,Uruguay,5,18,FW,14-08-1996,M. GOMEZ,Celta Vigo,186,85,ESP,22
Ricardo Ávila,Panama,5,19,MF,18-12-1987,QUINTERO,Universitario Lima,165,62,PER,30
Ryota Oshima,Japan,5,18,MF,23-01-1993,OHSHIMA,Kawasaki Frontale,168,64,JPN,25
Saîf-Eddine Khaoui,Tunisia,5,7,FW,27-04-1995,KHAOUI,ES Troyes,180,76,FRA,23
Sam Morsy,Egypt,5,5,MF,10-09-1991,MORSY,Wigan Athletic FC,173,75,ENG,27
Uroš Spajić,Serbia,5,5,DF,13-02-1993,SPAJIĆ,RSC Anderlecht,188,82,BEL,25
Youssouf Sabaly,Senegal,5,12,DF,05-03-1993,SABALY,FC Girondins Bordeaux,174,71,FRA,25
Álvaro Odriozola,Spain,4,12,DF,14-12-1995,ODRIOZOLA,Real Sociedad,178,67,ESP,22
Ali Al-Bulaihi,Saudi Arabia,4,4,DF,21-11-1989,ALI,Al Hilal SFC,182,83,KSA,29
Anderson Santamaría,Peru,4,4,DF,10-01-1992,SANTAMARIA,Puebla FC,183,84,MEX,26
Andrew Nabbout,Australia,4,11,FW,17-12-1992,NABBOUT,Urawa Reds,178,85,JPN,25
Ayman Ashraf,Egypt,4,12,DF,09-04-1991,A. ASHRAF,Al Ahly SC,176,73,EGY,27
Carlos Cáceda,Peru,4,12,GK,27-09-1991,CACEDA,Deportivo Municipal,184,78,PER,27
Chidozie Awaziem,Nigeria,4,20,DF,01-01-1997,AWAZIEM,FC Nantes,192,76,FRA,21
Fagner,Brazil,4,22,DF,11-06-1989,FAGNER,SC Corinthians,168,67,BRA,29
Filip Bradarić,Croatia,4,14,MF,11-01-1992,BRADARIĆ,HNK Rijeka,186,78,CRO,26
Filip Helander,Sweden,4,14,DF,22-04-1993,HELANDER,Bologna FC,192,83,ITA,25
Florian Thauvin,France,4,20,FW,26-01-1993,THAUVIN,Olympique Marseille,180,76,FRA,25
Frederik Schram,Iceland,4,12,GK,19-01-1995,SCHRAM,Roskilde BK,198,92,DEN,23
Ian Smith,Costa Rica,4,4,DF,06-03-1998,I. SMITH,IFK Norrkoping FK,177,68,SWE,20
Johan Mojica,Colombia,4,17,DF,21-08-1992,J. MOJICA,Girona FC,185,66,ESP,26
Jonathan Urretaviscaya,Uruguay,4,20,FW,19-03-1990,J. URRETAVISCAYA,CF Monterrey,172,66,MEX,28
Kosuke Nakamura,Japan,4,23,GK,27-02-1995,NAKAMURA,Kashiwa Reysol,184,72,JPN,23
Lee Seung-woo,South Korea,4,10,MF,06-01-1998,S W LEE,Hellas Verona FC,170,63,ITA,20
Lukas Lerager,Denmark,4,18,MF,12-07-1993,LERAGER,FC Girondins Bordeaux,186,85,FRA,25
Mário Rui,Portugal,4,19,DF,27-05-1991,MÁRIO RUI,SSC Napoli,168,67,ITA,27
Matthew Jurman,Australia,4,6,DF,08-12-1989,JURMAN,Suwon Samsung Bluewings FC,190,83,KOR,29
Naomichi Ueda,Japan,4,2,DF,24-10-1994,UEDA,Kashima Antlers,186,79,JPN,24
Nicolás Tagliafico,Argentina,4,3,DF,31-08-1992,TAGLIAFICO,AFC Ajax,169,65,NED,26
Ricardo Pereira,Portugal,4,15,DF,06-10-1993,RICARDO,FC Porto,174,70,POR,25
Ruben Loftus-Cheek,England,4,21,MF,23-01-1996,LOFTUS-CHEEK,Chelsea FC,190,73,ENG,22
Samúel Friðjónsson,Iceland,4,3,MF,22-02-1996,FRIDJÓNSSON,Valerenga IF,185,78,NOR,22
Sergej Milinković-Savić,Serbia,4,20,MF,27-02-1995,SERGEJ,SS Lazio,192,76,ITA,23
Steven Nzonzi,France,4,15,MF,15-12-1988,NZONZI,Sevilla FC,197,87,ESP,29
Yohan Benalouane,Tunisia,4,3,DF,28-03-1987,BEN ALOUANE,Leicester City FC,185,75,ENG,31
Ahmed Khalil,Tunisia,3,15,FW,21-12-1994,KHALIL,Club Africain,187,75,TUN,23
Andrey Lunyov,Russia,3,12,GK,13-11-1991,LUNEV,FC Zenit St. Petersburg,189,80,RUS,27
Guillermo Varela,Uruguay,3,4,DF,24-03-1993,G. VARELA,CA Penarol,173,70,URU,25
Jan Bednarek,Poland,3,5,DF,12-04-1996,BEDNAREK,Southampton FC,189,77,ENG,22
Jonas Knudsen,Denmark,3,5,DF,16-09-1992,KNUDSEN,Ipswich Town FC,187,82,ENG,26
Jordan Pickford,England,3,1,GK,07-03-1994,PICKFORD,Everton FC,185,72,ENG,24
Kevin Trapp,Germany,3,12,GK,08-07-1990,TRAPP,Paris Saint-Germain FC,189,88,FRA,28
Lucas Torreira,Uruguay,3,14,MF,11-02-1996,L. TORREIRA,UC Sampdoria,168,61,ITA,22
Mohamed El-Shenawy,Egypt,3,23,GK,18-12-1988,M. ELSHENAWY,Al Ahly SC,191,86,EGY,29
Mohammad Rashid Mazaheri,Iran,3,12,GK,18-05-1989,RASHID,Zob Ahan Isfahan FC,192,84,IRN,29
Moon Seon-min,South Korea,3,18,MF,09-06-1992,S M MOON,Incheon United FC,172,68,KOR,26
Mouez Hassen,Tunisia,3,22,GK,05-03-1995,HASSEN,LB Chateauroux,186,70,FRA,23
Nemanja Radonjić,Serbia,3,18,FW,15-02-1996,RADONJIĆ,FK Crvena Zvezda,185,76,SRB,22
Nikola Milenković,Serbia,3,15,DF,12-10-1997,MILENKOVIĆ,ACF Fiorentina,195,90,ITA,21
Nilson Loyola,Peru,3,22,DF,26-10-1994,LOYOLA,FBC Melgar,179,68,PER,24
Rafał Kurzawa,Poland,3,21,MF,29-01-1993,KURZAWA,Gornik Zabrze,182,73,POL,25
Rúnar Alex Rúnarsson,Iceland,3,13,GK,18-02-1995,RÚNARSSON,FC Nordsjaelland,186,76,DEN,23
Wilder Cartagena,Peru,3,16,MF,23-09-1994,CARTAGENA,CD Tiburones Rojos de Veracruz,179,76,MEX,24
Willy Caballero,Argentina,3,23,GK,28-09-1981,CABALLERO,Chelsea FC,186,80,ENG,37
Ahmed Reda Tagnaouti,Morocco,2,22,GK,05-04-1996,TAGNAOUTI,IRT Tanger,186,70,MAR,22
Daniel Arzani,Australia,2,17,FW,04-01-1999,ARZANI,Melbourne City FC,171,73,AUS,19
Dawid Kownacki,Poland,2,23,FW,14-03-1997,KOWNACKI,UC Sampdoria,185,75,ITA,21
Dimitri Petratos,Australia,2,21,FW,10-11-1992,PETRATOS,Newcastle United Jets FC,176,72,AUS,26
James Meredith,Australia,2,3,DF,05-04-1988,MEREDITH,Millwall FC,179,71,ENG,30
José Luis Rodríguez,Panama,2,21,MF,19-06-1998,J. RODRIGUEZ,KAA Gent,180,77,BEL,20
Marko Dmitrović,Serbia,2,23,GK,24-01-1992,DMITROVIĆ,SD Eibar,194,90,ESP,26
Maximiliano Meza,Argentina,2,13,MF,15-12-1992,MEZA,CA Independiente,180,76,ARG,25
Miloš Veljković,Serbia,2,13,DF,26-09-1995,VELJKOVIĆ,SV Werder Bremen,188,77,GER,23
Oh Ban-suk,South Korea,2,4,DF,20-05-1988,B S OH,Jeju United,189,79,KOR,30
Pedro Geromel,Brazil,2,4,DF,21-09-1985,GEROMEL,Grêmio FBPA,190,84,BRA,33
Presnel Kimpembe,France,2,3,DF,13-08-1995,KIMPEMBE,Paris Saint-Germain FC,182,78,FRA,23
Simeon Nwankwo,Nigeria,2,13,FW,07-05-1992,NWANKWO,FC Crotone,197,89,ITA,26
Alfred Gomis,Senegal,1,23,GK,05-09-1993,GOMIS,SPAL Ferrara,196,80,ITA,25
Amir Abedzadeh,Iran,1,22,GK,26-04-1993,ABEDZADEH,CS Maritimo,186,80,POR,25
Bartosz Białkowski,Poland,1,12,GK,06-07-1987,BIALKOWSKI,Ipswich Town FC,194,83,ENG,31
Cássio,Brazil,1,16,GK,06-06-1987,CASSIO,SC Corinthians,195,92,BRA,31
Danny Vukovic,Australia,1,18,GK,27-03-1985,VUKOVIC,KRC Genk,187,94,BEL,33
Dominik Livaković,Croatia,1,1,GK,09-01-1995,LIVAKOVIĆ,GNK Dinamo Zagreb,188,82,CRO,23
Duje Ćaleta-Car,Croatia,1,15,DF,17-09-1996,ĆALETA-CAR,FC Red Bull Salzburg,192,89,AUT,22
Ederson,Brazil,1,23,GK,17-08-1993,EDERSON,Manchester City FC,188,86,ENG,25
Jonas Lössl,Denmark,1,16,GK,01-02-1989,LÖSSL,Huddersfield Town FC,195,90,ENG,29
José Fernando Cuadrado,Colombia,1,22,GK,01-06-1985,J.F. CUADRADO,CD Once Caldas,180,80,COL,33
Kepa Arrizabalaga,Spain,1,13,GK,03-10-1994,ARRIZABALAGA,Athletic Bilbao,189,84,ESP,24
Luka Jović,Serbia,1,19,FW,23-12-1997,JOVIĆ,Eintracht Frankfurt,181,75,GER,20
Majid Hosseini,Iran,1,19,DF,20-06-1996,M. HOSSEINI,Esteghlal Tehran FC,183,78,IRN,22
Martín Campaña,Uruguay,1,12,GK,29-05-1989,M. CAMPAÑA,CA Independiente,184,79,ARG,29
Milan Rodić,Serbia,1,14,DF,02-04-1991,RODIĆ,FK Crvena Zvezda,185,69,SRB,27
Nick Pope,England,1,23,GK,19-04-1992,POPE,Burnley FC,191,76,ENG,26
Rúben Dias,Portugal,1,13,DF,14-05-1997,RUBEN DIAS,SL Benfica,187,83,POR,21
Trent Alexander-Arnold,England,1,22,DF,07-10-1998,ALEXANDER-ARNOLD,Liverpool FC,175,70,ENG,20
Alphonse Areola,France,0,23,GK,27-02-1993,AREOLA,Paris Saint-Germain FC,195,95,FRA,25
Franco Armani,Argentina,0,12,GK,16-10-1986,ARMANI,CA River Plate,189,85,ARG,32
Koen Casteels,Belgium,0,13,GK,25-06-1992,CASTEELS,VfL Wolfsburg,197,86,GER,26
Mahmoud Hamdy,Egypt,0,15,DF,01-06-1995,M. HAMDY,Zamalek,173,72,EGY,23
Yvon Mvogo,Switzerland,0,12,GK,06-06-1994,MVOGO,RB Leipzig,186,84,GER,24
